{
    "enemies": [
      {
        "name": "Mushy",
        "key": "enemy_mushy",
        "goldValue": 30,
        "healthValue": 90,
        "attackValue":  35,
        "expValue": 35
      },
      {
        "name": "Mushy",
        "key": "enemy_mushy_pink",
        "goldValue": 30,
        "healthValue": 90,
        "attackValue":  35,
        "expValue": 35
      },
      {
        "name": "Mushy",
        "key": "enemy_mushy_orange",
        "goldValue": 30,
        "healthValue": 90,
        "attackValue":  35,
        "expValue": 35
      },
      {
        "name": "Mushy",
        "key": "enemy_mushy_red",
        "goldValue": 30,
        "healthValue": 90,
        "attackValue":  35,
        "expValue": 35
      },
      {
        "name": "Slime",
        "key": "enemy_slime",
        "goldValue": 60,
        "healthValue": 160,
        "attackValue":  95,
        "expValue": 100
      }
    ]
  }
  